Bundle ID,Product IDs,Total USD,Total AUD,Average Yen
BUNDLE-001,"P1023,P1018,P1019,P1020,P1022,P1021",104.80000000000001,155.35000000000002,871.9166666666666
BUNDLE-002,"P1017,P1013,P1012,P1016,P1014,P1015",101.19999999999999,149.95,868.9166666666666
BUNDLE-003,"P1011,P1007,P1006,P1010,P1008,P1009",97.6,144.55,865.9166666666666
BUNDLE-004,"P1005,P1004,P1001,P1000,P1002,P1003",93.99999999999999,139.14999999999998,862.9166666666666

Leftover Products
